{
  "rf": {
    "n_estimators": 200,
    "max_depth": 41,
    "min_samples_split": 2,
    "min_samples_leaf": 1,
    "max_features": 0.570482748552892
  },
  "xgb": {
    "n_estimators": 500,
    "max_depth": 3,
    "learning_rate": 0.21377109405628106,
    "subsample": 0.9547068785843865,
    "colsample_bytree": 0.7350085778651486,
    "min_child_weight": 1,
    "gamma": 0.11169698576374704,
    "reg_alpha": 0.0006214279945959046,
    "reg_lambda": 5.181584181214621e-06
  }
}