{
  "rf": {
    "n_estimators": 200,
    "max_depth": 50,
    "min_samples_split": 3,
    "min_samples_leaf": 1,
    "max_features": 0.7621800802517393
  },
  "xgb": {
    "n_estimators": 700,
    "max_depth": 5,
    "learning_rate": 0.14402786298691522,
    "subsample": 0.8434966496481093,
    "colsample_bytree": 0.5774466881073881,
    "min_child_weight": 5,
    "gamma": 0.059601710173256696,
    "reg_alpha": 0.00561642556062631,
    "reg_lambda": 1.9356843184875068e-08
  }
}